Week,Quarter,Store, Total , CHRISTMAS , CLEARANCE , CLEARENCE , CONFECTIONERY , DIY , ELECTRICAL , FOOD , FROZEN FOOD , DD Gardening , GARDENING , GIFTWARES , Grocery Seasonal , DD Paint , H&B Gift , HEALTH & BEAUTY , HOMEWARES , HOUSEHOLD TEXTILES , INDOOR FURNITURE , INTERNAL USE , PAPER GOODS & CLEANING , PET FOOD , SOFT DRINKS , STATIONERY , TEXTILES , TOYS , NON ALCOHOLIC DRINKS 
31,3, Centz Patrick Street ,"€13,384.51", € -   ,€1.50, € -   ,"€2,326.80",€67.39,€617.28,"€2,807.04",€86.50, € -   ,€256.38,€177.56, € -   , € -   ,€128.16,"€1,171.10",€177.09, € -   , € -   , € -   ,"€1,784.87",€299.51,"€2,729.01",€235.76, € -   ,€518.56, € -   
31,3, Centz Cork Street ,"€7,955.70", € -   , € -   , € -   ,"€1,087.68",€85.19,€400.23,"€1,291.66", € -   , € -   ,€200.45,€470.30, € -   , € -   ,€121.66,€549.07,€250.60,€19.04,€15.61, € -   ,"€1,223.04",€209.99,"€1,243.98",€163.22, € -   ,€623.98, € -   
31,3, Centz Kinvara ,"€11,206.30", € -   , € -   , € -   ,"€2,565.54",€66.04,€204.96,"€2,848.78", € -   , € -   ,€114.93,€254.32, € -   , € -   ,€85.50,€587.00,€211.47,€34.12,€19.91, € -   ,"€1,399.15",€200.23,"€1,852.56",€456.41,€29.94,€275.44, € -   
31,3, Homesavers Arklow ,"€23,548.93",€5.97, € -   , € -   ,"€1,849.25",€713.03,"€1,214.81","€3,545.04", € -   ,€30.33,"€1,411.65","€1,307.48",€22.09,€389.89,€236.38,"€1,584.86","€1,676.19","€1,049.59",€381.87, € -   ,"€2,425.58",€922.12,"€2,076.28",€962.79,€117.20,"€1,626.53", € -   
31,3, Homesavers Westpoint Athlone (A) ,"€22,456.74",€27.77, € -   , € -   ,"€2,169.82", € -   ,"€2,117.38","€3,060.42", € -   , € -   ,€7.99,"€1,388.29",€187.68, € -   ,€322.96,"€1,959.11","€2,197.20","€1,319.34","€1,363.62", € -   ,"€2,222.55","€1,341.39","€1,948.22",€532.96,€170.57,€119.47, € -   
31,3, Homesavers Monks Land Athlone (B) ,"€5,897.14", € -   , € -   , € -   , € -   ,"€1,246.27",€211.45,€5.99, € -   ,€88.92,"€2,481.16",€127.00, € -   ,€69.09, € -   , € -   ,€32.75, € -   , € -   , € -   ,€16.26, € -   , € -   ,€5.90, € -   ,"€1,612.35", € -   
31,3, Homesavers Athy ,"€11,521.36", € -   , € -   , € -   ,"€1,084.17",€252.28,€810.00,"€1,220.47", € -   ,€11.16,€448.99,€718.75,€6.95, € -   ,€331.77,€469.23,€590.32,€848.58,€605.29, € -   ,"€1,180.50",€355.82,"€1,167.40",€317.96,€54.67,"€1,047.05", € -   
31,3, Homesavers Axis Centre Longford ,"€14,935.77", € -   , € -   , € -   ,"€1,175.27",€449.92,"€1,429.65","€1,169.51", € -   ,€29.35,€383.66,€504.69,€4.00,€23.71,€156.95,"€1,120.67","€1,220.59",€947.27,€576.85, € -   ,"€1,827.09",€716.01,€655.65,€428.27,€59.73,"€2,056.93", € -   
31,3, Homesavers Ballyfermot ,"€25,745.26",€21.00,€2.50, € -   ,"€2,306.20",€874.19,"€2,182.85","€3,891.97", € -   ,€5.98,"€1,015.21","€1,990.28",€7.00, € -   ,€466.85,"€2,370.68","€1,639.64",€547.83,€650.31, € -   ,"€2,838.02","€1,306.08","€1,922.52",€401.90,€198.48,"€1,105.77", € -   
31,3, Homesavers Ballyshannon ,"€21,733.53", € -   , € -   , € -   ,"€1,716.02",€667.41,"€1,113.42","€2,331.29", € -   ,€3.84,€659.35,"€1,510.12",€9.54,€18.59,€462.45,"€1,786.59","€1,342.93","€1,280.08",€473.57, € -   ,"€2,773.11",€786.50,"€1,330.76",€736.74,€346.81,"€2,384.41", € -   
31,3, Homesavers Briarhill Galway ,"€12,187.07",€8.00, € -   , € -   ,€685.98,€719.82,"€1,123.66",€740.65, € -   ,€1.17,€465.80,€788.16,€6.75, € -   ,€165.26,€976.96,"€1,433.17",€804.11,€449.67, € -   ,"€1,479.40",€520.63,€558.40,€447.62,€23.68,€788.18, € -   
31,3, Homesavers Bunclody ,"€14,187.53",€5.50, € -   , € -   ,"€1,121.43",€495.77,"€1,305.68","€1,571.88", € -   ,€20.91,€586.50,€835.61,€29.82,€127.29,€360.45,"€1,266.34","€1,442.94",€457.75,€222.94, € -   ,"€1,229.70",€436.87,"€1,381.35",€296.14,€186.17,€794.51,€11.98
31,3, Homesavers Carlow Penny Lane ,"€28,161.67",€84.01,€5.49, € -   ,"€1,813.95",€716.85,"€2,338.10","€2,550.34", € -   ,€148.48,"€1,977.80","€1,483.42",€31.43,€67.73,€544.56,"€1,716.04","€2,055.68","€1,124.51",€601.74, € -   ,"€4,057.25","€2,144.19","€2,055.16",€719.55,€244.13,"€1,681.26", € -   
31,3, Homesavers Carlow Tullow Road U3 ,"€15,203.35", € -   ,€2.00, € -   ,"€1,903.50", € -   ,€74.76,"€3,543.96", € -   , € -   , € -   ,€156.56,€3.52, € -   ,€394.79,"€1,415.60",€31.61, € -   , € -   , € -   ,"€2,037.68",€865.28,"€4,751.85", € -   ,€22.24, € -   , € -   
31,3, Homesavers Carrick-on-shannon ,"€30,137.36", € -   , € -   , € -   ,"€1,974.43","€1,000.70","€2,778.05","€2,716.31", € -   ,€89.28,€970.42,"€2,079.05", € -   ,€135.19,€837.65,"€2,122.01","€2,484.74","€1,809.98","€1,819.40", € -   ,"€3,434.36",€922.93,"€1,586.73",€671.48,€220.43,"€2,484.22", € -   
31,3, Homesavers Charlestown MAYO ,"€8,297.56", € -   , € -   , € -   ,€794.62,€207.20,€474.18,"€1,069.70", € -   , € -   ,€375.92,€491.51,€35.57, € -   ,€120.36,€626.22,€597.76,€512.49,€76.92, € -   ,€785.65,€391.84,€682.33,€350.14,€133.11,€572.04, € -   
31,3, Homesavers Clane ,"€8,574.81", € -   ,€3.00, € -   ,"€1,120.91",€74.36,€401.30,"€1,447.80", € -   , € -   ,€244.67,€532.24,€2.79, € -   ,€241.43,€591.97,€394.38,€128.91,€27.10, € -   ,€773.51,€215.80,"€1,316.28",€364.21,€18.65,€675.50, € -   
31,3, Homesavers Claremorris ,"€16,188.71",€3.07, € -   , € -   ,"€1,000.97",€652.51,"€1,328.01","€1,412.03", € -   ,€43.77,€512.84,€978.80,€26.15, € -   ,€256.39,"€1,740.81","€1,565.22","€2,301.30",€465.03, € -   ,"€1,889.57",€452.92,€493.79,€455.29,€141.88,€468.36, € -   
31,3, Homesavers Crumlin ,"€19,815.34", € -   , € -   , € -   ,"€2,347.86",€558.24,"€1,151.48","€4,494.40",€121.67, € -   ,€316.91,€883.38,€12.79, € -   ,€220.30,"€1,169.75",€554.90,€344.87,€131.29, € -   ,"€2,122.49",€638.08,"€2,929.47",€371.92,€152.13,"€1,293.41", € -   
31,3, Homesavers Diskin Centre Athlone ,"€18,875.20", € -   , € -   , € -   ,"€1,377.10",€695.75,"€1,895.19","€1,747.36", € -   ,€45.25,€955.31,"€1,182.50",€6.16, € -   ,€258.16,"€1,763.12","€1,842.80","€1,018.13",€949.84, € -   ,"€1,668.07",€718.36,"€1,230.56",€257.88,€52.64,"€1,211.02", € -   
31,3, Homesavers Dundalk ,"€57,712.26", € -   , € -   , € -   ,"€6,191.51","€1,416.40","€3,497.48","€7,290.10", € -   ,€48.08,"€2,150.98","€2,734.69",€1.75,€49.96,"€1,228.77","€6,748.83","€5,904.19","€1,762.40","€1,553.18", € -   ,"€5,856.52","€2,410.88","€4,295.24","€1,798.72",€576.01,"€2,185.71",€10.86
31,3, Homesavers WestGate Dungarvan ,"€10,742.40",€3.30, € -   , € -   , € -   ,€924.46,"€1,340.51", € -   , € -   ,€36.08,"€1,245.32",€928.24, € -   ,€68.25,€190.00,€12.41,"€1,329.32","€1,310.39",€574.76, € -   ,"€1,326.34",€915.68, € -   ,€351.81, € -   ,€185.53, € -   
31,3, Homesavers Clonmullen Edenderry ,"€28,176.32", € -   , € -   , € -   ,"€1,544.40",€898.24,"€2,716.24","€1,912.39", € -   ,€21.00,"€1,280.96","€1,958.60",€2.02,€15.28,€667.31,"€2,121.03","€3,298.39","€1,782.19","€1,693.19", € -   ,"€2,693.76","€1,415.17","€1,411.08","€1,072.22",€248.29,"€1,419.11",€5.45
31,3, Homesavers BALLYMALEY Ennis ,"€65,680.59", € -   ,€4.99, € -   ,"€3,307.29","€2,897.83","€5,694.79","€4,085.96", € -   ,€74.40,"€3,208.80","€5,189.71",€32.96,€612.78,"€1,289.40","€3,957.32","€8,461.08","€3,284.57","€5,996.00", € -   ,"€4,784.69","€2,033.29","€2,414.56","€2,943.78",€437.28,"€4,947.08",€22.03
31,3, Homesavers Rafter Street Enniscorthy ,"€14,450.16", € -   , € -   , € -   ,"€1,857.70",€446.11,"€1,039.43","€2,018.89", € -   ,€7.25,€616.26,"€1,005.88", € -   ,€34.66,€212.40,"€1,361.36",€697.05,€407.44,€111.61, € -   ,"€1,185.15",€428.96,"€1,696.62",€157.07,€79.57,"€1,086.75", € -   
31,3, Homesavers Kings meadow waterford ,"€21,131.92",€50.09, € -   , € -   ,€3.14,€840.34,"€2,003.14",€11.31, € -   ,€23.24,"€2,139.85","€1,327.50", € -   ,€191.54,€892.20,"€2,388.68","€1,967.22","€1,135.36","€1,980.85", € -   ,"€2,393.52","€1,817.23", € -   ,€543.21, € -   ,"€1,423.50", € -   
31,3, Homesavers Letterkenny Pearse Road ,"€25,095.82",€13.73, € -   , € -   ,"€1,519.52",€728.27,"€2,799.18","€2,127.74", € -   ,€433.13,€996.44,"€1,199.51",€30.32,€145.17,€417.96,"€1,851.86","€2,208.73","€1,593.02","€1,613.44", € -   ,"€2,611.16","€1,296.21","€1,503.44",€632.58,€118.21,"€1,256.20", € -   
31,3, Homesavers Limerick ,"€61,536.23", € -   ,€0.47, € -   ,"€6,140.36","€2,741.65","€5,633.85","€6,997.97", € -   ,€216.26,"€2,792.36","€3,017.04",€8.00,€158.43,"€1,125.43","€4,085.80","€6,033.07","€1,890.54","€3,009.60", € -   ,"€6,501.14","€2,395.61","€3,076.44","€1,635.02",€194.84,"€3,882.35", € -   
31,3, Homesavers Longford U4 ,"€10,828.81", € -   ,€1.00, € -   ,€726.43,€185.69,"€1,403.77",€805.30, € -   , € -   ,€165.07,€688.47,€1.75, € -   ,€293.80,€437.81,€930.83,€690.58,€533.15, € -   ,"€1,028.15",€422.51,"€1,478.94",€158.07,€51.33,€826.16, € -   
31,3, Homesavers Midleton ,"€17,689.66", € -   , € -   , € -   ,"€2,179.77",€454.54,"€1,263.91","€1,692.98", € -   ,€58.62,€560.49,€834.05,€57.88, € -   ,€284.50,"€1,307.70","€1,199.30",€883.02,€163.75, € -   ,"€1,230.00",€881.65,€948.09,€452.68,€300.64,"€2,936.09", € -   
31,3, Homesavers Milford Retail Park ,"€32,684.96", € -   , € -   , € -   ,"€2,400.91","€1,708.06","€1,471.95","€3,164.28", € -   ,"€1,612.29","€1,331.34","€1,768.60",€18.09,€152.55,€522.30,"€2,034.55","€2,771.19","€1,527.19","€1,915.62", € -   ,"€2,509.84","€1,929.37","€1,650.40","€1,334.62",€392.27,"€2,464.71",€4.83
31,3, Homesavers Monaghan ,"€52,055.73",€6.59, € -   , € -   ,"€2,988.23","€2,407.99","€4,031.39","€4,504.56", € -   ,€153.80,"€1,114.86","€3,046.80",€79.22,€377.07,€789.39,"€3,358.62","€5,568.03","€3,059.01","€3,000.49", € -   ,"€4,850.13","€1,520.48","€2,749.63","€1,450.17",€390.31,"€6,608.96", € -   
31,3, Homesavers Mountmellick LAOIS ,"€6,703.52", € -   , € -   , € -   ,€976.69,€119.65,€485.74,€830.15, € -   , € -   ,€85.16,€505.72,€1.90, € -   ,€47.10,€478.94,€341.32,€99.73,€98.77, € -   ,€824.64,€301.68,€788.44,€171.82,€16.95,€529.12, € -   
31,3, Homesavers Mullingar ,"€58,441.99",€2.01,€5.70, € -   ,"€4,931.20",€780.65,"€4,644.87","€5,215.22", € -   ,€345.02,"€3,006.26","€2,634.13",€80.48,€11.99,€885.72,"€3,877.53","€8,245.24","€1,376.02","€1,855.21", € -   ,"€7,727.34","€2,162.37","€4,198.48","€1,573.14",€235.98,"€4,624.29",€23.14
31,3, Homesavers Martyr Road Nenagh (a) ,"€27,482.90", € -   ,€0.50, € -   ,"€2,156.81", € -   ,"€5,085.17","€2,863.25", € -   , € -   , € -   ,€690.60,€34.22, € -   ,€696.24,"€2,998.97",€241.09, € -   , € -   , € -   ,"€3,190.22","€3,508.80","€1,722.54",€681.34,€290.22,"€3,322.93", € -   
31,3, HOMESAVERS MARTYR ROAD NENAGH (B) ,"€18,247.66", € -   , € -   , € -   , € -   ,"€2,292.70",€380.51, € -   , € -   ,"€1,909.46","€2,359.71","€2,178.97", € -   ,€118.23, € -   , € -   ,"€3,108.20","€2,988.86","€2,671.24", € -   ,€5.88,€117.99, € -   , € -   , € -   ,€115.91, € -   
31,3, Homesavers New Road Portlaoise ,"€21,481.23",€120.55, € -   , € -   ,"€2,152.13",€362.88,"€1,348.30","€3,008.34", € -   ,€6.08,€636.15,€682.72,€26.58,€14.98,€533.44,"€1,779.82","€1,833.25",€696.69,€400.96, € -   ,"€3,231.56",€869.67,"€1,710.66",€839.47,€162.36,"€1,064.64", € -   
31,3, Homesavers Newcastle West ,"€36,785.81", € -   ,€0.50, € -   ,"€2,613.33","€1,641.06","€3,359.92","€3,574.68", € -   ,€36.52,"€1,287.42","€2,024.74",€28.07,€201.17,€714.47,"€3,832.87","€2,352.00","€1,964.37","€1,063.74", € -   ,"€3,866.37","€1,986.72","€1,151.64",€913.84,€262.67,"€3,909.71", € -   
31,3, Homesavers Portlaoise ,"€8,182.99",€10.51,€20.96, € -   ,€73.06,€782.69,"€1,231.91",€99.39, € -   , € -   ,€792.33,€745.30,€6.99,€156.82,€68.47,€3.60,"€1,223.41",€695.54,€738.14, € -   ,€14.64, € -   ,€382.64,€229.40,€27.33,€879.86, € -   
31,3, Homesavers Lismard Portlaoise (B) ,"€4,999.78", € -   , € -   , € -   ,€502.38, € -   , € -   ,€695.81, € -   , € -   ,€42.06,€211.07,€25.86, € -   ,€175.37,"€1,105.48",€62.50, € -   , € -   , € -   ,"€1,178.81",€659.55,€306.91, € -   , € -   ,€33.98, € -   
31,3, Homesavers Riverside Galway ,"€14,647.90", € -   , € -   , € -   ,€911.81,"€1,065.95","€1,523.17",€792.40, € -   ,€5.27,€477.19,€951.97,€55.38,€62.81,€324.05,€921.77,"€1,872.75",€607.58,€907.36, € -   ,"€1,478.54",€733.42,€642.95,€254.24,€31.30,"€1,027.99", € -   
31,3, Homesavers Roscommon ,"€66,064.56",€1.99, € -   , € -   ,"€2,984.64","€4,314.08","€5,559.50","€3,532.26", € -   ,"€3,174.32","€3,525.92","€2,957.84",€30.52,€457.61,€915.21,"€3,662.71","€7,687.21","€5,286.88","€2,812.07", € -   ,"€5,190.30","€2,791.14","€2,141.60","€2,787.67",€418.83,"€5,826.27",€5.99
31,3, Homesavers Stranorlar business park ,"€15,543.89", € -   , € -   , € -   ,"€1,027.85",€511.53,"€1,173.21","€1,314.02", € -   ,€3.50,€396.49,"€1,195.44",€5.68, € -   ,€269.58,"€1,215.22","€1,652.16",€911.05,€413.63, € -   ,"€1,360.94",€557.48,€959.04,€451.63,€132.32,"€1,993.12", € -   
31,3, Homesavers Swinford ,"€6,297.00", € -   , € -   , € -   ,€544.67,€103.07,€369.39,€628.33, € -   , € -   ,€362.88,€602.41,€6.12, € -   ,€248.66,€322.61,€605.86,€375.40,€107.46, € -   ,€494.72,€297.86,€478.92,€103.17,€49.02,€596.45, € -   
31,3, Homesavers Broomhill Tallaght ,"€41,654.66", € -   , € -   , € -   ,"€3,377.67","€1,445.19","€2,215.69","€5,923.10", € -   ,€369.71,"€1,805.21","€2,131.45",€53.59,€216.34,€781.12,"€2,948.88","€3,400.81","€1,943.41","€2,961.82", € -   ,"€4,244.46","€1,407.39","€2,020.93","€1,387.51",€325.97,"€2,689.37",€5.04
31,3, Homesavers The Glebe Donegal ,"€26,673.58", € -   , € -   , € -   ,"€1,653.19",€823.72,"€2,072.34","€2,461.41", € -   ,€2.90,€691.13,"€1,960.67",€13.24, € -   ,€522.52,"€2,171.23","€3,078.96","€2,288.34",€991.82, € -   ,"€2,297.99",€907.60,"€1,363.31",€589.80,€373.44,"€2,409.97", € -   
31,3, Homesavers Tralee ,"€27,007.65",€8.36, € -   , € -   ,"€2,663.39",€332.05,"€1,768.12","€2,688.74", € -   ,€38.83,€756.35,"€1,769.64",€63.24, € -   ,€550.36,"€2,179.30","€2,899.65",€976.84,"€2,593.80", € -   ,"€2,526.42","€1,591.50",€982.07,€714.14,€222.23,"€1,682.62", € -   
31,3, Homesavers Tullamore ,"€68,218.91",€5.14,€18.08, € -   ,"€3,941.15","€2,328.07","€6,710.33","€5,391.25", € -   ,€325.57,"€2,394.57","€4,043.11",€27.95,€394.13,"€1,494.91","€4,335.04","€8,949.11","€4,193.30","€4,034.40", € -   ,"€5,548.38","€3,278.69","€2,487.14","€1,815.26",€381.22,"€6,116.95",€5.16
31,3," Homesavers Carlow Tullow Road U1,2 ","€8,571.87", € -   , € -   , € -   ,€72.96,€626.17,"€1,025.08",€46.24, € -   ,€3.20,€773.39,€825.80, € -   ,€88.43, € -   ,€3.99,"€1,423.76",€611.87,€710.77, € -   , € -   , € -   ,€434.89,€457.77,€118.75,"€1,348.80", € -   
31,3, Homesavers Waterford ,"€14,995.07", € -   ,€0.50, € -   ,"€1,472.05",€319.84,€777.08,"€2,027.93", € -   , € -   ,€580.28,€812.93,€14.00,€7.44,€268.57,"€1,331.08",€603.55,€344.65,€299.80, € -   ,"€1,665.28",€779.97,"€2,198.62",€565.81,€134.11,€791.58, € -   
31,3, Homesavers Wexford ,"€28,969.09", € -   , € -   , € -   ,"€1,951.72",€872.02,"€2,778.14","€3,384.58", € -   ,€3.20,€865.03,"€1,517.22",€16.11,€29.00,€546.20,"€2,466.35","€2,722.83","€1,380.10",€824.81, € -   ,"€3,213.94","€1,536.17","€1,680.37",€624.35,€191.08,"€2,365.87", € -   
31,3, Homesavers Wicklow ,"€17,029.56", € -   , € -   , € -   ,"€1,697.81",€463.65,"€1,159.40","€2,509.61", € -   ,€47.80,€405.68,€860.72,€3.99, € -   ,€414.03,"€1,150.46","€1,310.49",€871.53,€356.78, € -   ,"€1,488.85",€696.45,"€1,840.92",€483.73,€228.56,"€1,027.12",€11.98
31,3, Homesavers Hebron Kilkenny ,"€5,252.72", € -   , € -   , € -   , € -   ,€684.93,€824.08, € -   , € -   , € -   ,€516.05,€286.28, € -   , € -   , € -   ,€3.87,€654.01,€235.07,€460.71, € -   ,€649.88,€297.21, € -   ,€127.18,€38.89,€474.56, € -   
31,3, All the Stores Total ,"€1,251,051.04",€377.59,€67.19, € -   ,"€94,985.27","€44,377.47","€99,735.95","€125,064.79",€208.17,"€9,473.97","€52,231.88","€70,861.56","€1,118.15","€4,396.13","€23,081.51","€91,438.95","€115,724.53","€61,485.77","€54,819.18", € -   ,"€123,687.53","€55,096.04","€80,628.81","€35,350.18","€8,563.55","€92,917.69",€106.46
30,3, Centz Patrick Street ,"€13,668.18",€8.00,€1.50, € -   ,"€2,500.96",€89.59,€603.14,"€3,055.91",€110.05, € -   ,€87.06,€160.79, € -   , € -   ,€125.93,"€1,082.93",€184.00,€11.00, € -   , € -   ,"€1,713.86",€270.15,"€2,985.99",€258.70,€8.20,€410.42, € -   
30,3, Centz Cork Street ,"€8,194.97", € -   ,€1.00, € -   ,"€1,040.62",€115.10,€320.37,"€1,323.91", € -   , € -   ,€204.52,€421.34, € -   , € -   ,€160.11,€684.49,€220.78,€88.45,€8.00, € -   ,"€1,219.70",€222.03,"€1,069.49",€151.15, € -   ,€943.91, € -   
30,3, Centz Kinvara ,"€12,182.49", € -   ,€1.00, € -   ,"€2,401.42",€100.58,€473.80,"€2,950.59", € -   , € -   ,€253.15,€250.00, € -   , € -   ,€108.83,€604.36,€116.02,€71.83, € -   , € -   ,"€1,250.43",€268.19,"€2,355.38",€357.19,€58.95,€560.77, € -   
30,3, Homesavers Arklow ,"€24,035.23", € -   , € -   , € -   ,"€1,781.68",€766.52,"€1,468.32","€3,023.08", € -   ,€43.59,"€1,256.56","€1,255.12",€17.46,€274.08,€476.02,"€1,541.72","€1,955.70",€876.46,€862.14, € -   ,"€2,310.13",€732.30,"€2,566.10",€828.61,€224.75,"€1,774.89", € -   
30,3, Homesavers Westpoint Athlone (A) ,"€24,898.41", € -   , € -   , € -   ,"€2,291.42",€48.45,"€2,092.32","€3,107.14", € -   , € -   ,€147.48,"€1,488.30",€167.42, € -   ,€434.97,"€2,543.46","€3,201.46","€1,004.55","€1,185.99", € -   ,"€2,416.91","€1,555.85","€2,398.47",€698.81,€53.61,€56.41,€5.39
30,3, Homesavers Monks Land Athlone (B) ,"€5,577.79", € -   , € -   , € -   , € -   ,"€1,038.41",€185.66,€23.96, € -   ,€57.86,"€2,478.17",€60.14, € -   ,€157.69, € -   , € -   ,€28.50, € -   , € -   , € -   ,€23.53, € -   , € -   ,€5.69, € -   ,"€1,518.18", € -   
30,3, Homesavers Athy ,"€10,738.68",€1.00, € -   , € -   ,€877.05,€342.81,€589.80,"€1,127.31", € -   ,€4.80,"€1,060.63",€568.74,€7.27, € -   ,€328.49,€401.84,€483.62,€426.68,€301.61, € -   ,€965.58,€275.11,"€1,434.54",€269.63,€62.90,"€1,209.27", € -   
30,3, Homesavers Axis Centre Longford ,"€25,116.88", € -   , € -   , € -   ,"€2,084.63",€470.44,"€2,442.28","€2,072.82", € -   ,€30.21,"€1,571.73","€1,086.36",€17.59, € -   ,€321.40,"€1,969.02","€2,201.60","€1,007.22","€1,647.74", € -   ,"€2,110.43",€985.19,"€1,701.38",€597.76,€63.44,"€2,735.64", € -   
30,3, Homesavers Ballyfermot ,"€26,383.63", € -   ,€2.50, € -   ,"€2,621.05",€867.58,"€1,465.56","€3,749.68", € -   ,€32.02,"€1,017.28","€2,327.01",€3.74,€38.36,€373.91,"€2,156.31","€2,027.62",€327.81,€520.43, € -   ,"€2,798.68","€1,343.35","€2,283.09",€447.09,€333.77,"€1,646.79", € -   
30,3, Homesavers Ballyshannon ,"€21,528.30", € -   , € -   , € -   ,"€1,803.22",€595.88,"€1,257.52","€2,364.36", € -   ,€28.43,"€1,127.30","€1,525.30",€3.99,€9.60,€721.89,"€1,908.64","€1,712.83",€761.24,€270.73, € -   ,"€2,374.79",€997.37,"€1,261.06",€571.77,€166.47,"€2,065.91", € -   
30,3, Homesavers Briarhill Galway ,"€16,389.10", € -   , € -   , € -   ,"€1,068.50",€863.42,"€1,929.56","€1,175.48", € -   ,€7.73,€713.06,"€1,400.53",€10.34, € -   ,€149.94,"€1,350.68","€1,614.39",€935.99,€501.31, € -   ,"€1,498.97",€508.21,€725.80,€579.70,€92.84,"€1,262.65", € -   
30,3, Homesavers Bunclody ,"€16,389.42",€25.50, € -   , € -   ,"€1,184.15",€456.53,"€1,175.05","€1,837.61", € -   ,€14.17,"€1,372.44","€1,178.55",€13.04,€235.29,€361.40,"€1,361.28","€1,369.80",€771.19,€859.80, € -   ,"€1,043.19",€683.59,"€1,553.09",€210.35,€105.82,€577.58, € -   
30,3, Homesavers Carlow Penny Lane ,"€26,281.33",€4.00,€2.94, € -   ,"€1,903.59",€682.78,"€2,349.03","€2,372.01", € -   ,€59.67,"€1,974.75","€1,617.86",€26.87,€194.29,€410.50,"€1,608.53","€1,869.27",€875.63,€635.32, € -   ,"€2,836.51","€1,611.06","€2,514.26",€623.70,€167.33,"€1,941.43", € -   
30,3, Homesavers Carlow Tullow Road U3 ,"€15,670.91", € -   ,€1.00, € -   ,"€2,208.40", € -   ,€52.22,"€3,383.71", € -   , € -   ,€3.00,€189.38,€21.27, € -   ,€427.82,"€1,424.94",€25.08, € -   , € -   , € -   ,"€1,841.66",€966.13,"€5,114.30", € -   ,€12.00, € -   , € -   
30,3, Homesavers Carrick-on-shannon ,"€10,530.59",€4.00, € -   , € -   ,€813.58,€317.99,€907.14,€954.48, € -   ,€203.53,€530.97,€414.32, € -   ,€46.85,€183.76,€982.80,"€1,042.47",€601.60,€392.26, € -   ,"€1,295.59",€313.47,€630.08,€144.48,€59.97,€691.25, € -   
30,3, Homesavers Charlestown MAYO ,"€7,214.68", € -   , € -   , € -   ,€948.65,€152.65,€263.94,"€1,044.58", € -   , € -   ,€155.62,€407.65,€29.10, € -   ,€161.82,€465.88,€618.14,€223.08,€168.26, € -   ,€817.71,€310.61,€743.77,€290.79,€92.50,€319.93, € -   
30,3, Homesavers Clane ,"€9,927.40", € -   ,€3.34, € -   ,"€1,213.26",€60.50,€287.84,"€1,331.84", € -   , € -   ,€351.27,€694.00, € -   , € -   ,€220.96,€649.31,€439.92,€185.80,€156.00, € -   ,"€1,173.21",€199.35,"€1,865.60",€319.99,€57.50,€717.71, € -   
30,3, Homesavers Claremorris ,"€14,096.12",€3.20, € -   , € -   ,"€1,070.64",€606.06,"€1,108.93","€1,163.17", € -   ,€33.60,€505.87,€888.87,€17.58, € -   ,€143.45,"€1,318.08","€1,072.42","€1,776.66",€430.74, € -   ,"€1,366.01",€560.49,€630.25,€333.60,€197.96,€868.54, € -   
30,3, Homesavers Crumlin ,"€22,216.57", € -   , € -   , € -   ,"€2,232.47",€833.12,"€1,134.71","€4,236.43",€176.00, € -   ,"€1,103.54",€885.52,€26.37, € -   ,€217.24,"€1,294.98",€795.96,€277.88,€354.22, € -   ,"€2,499.77",€734.19,"€3,388.89",€426.88,€167.09,"€1,416.43",€14.88
30,3, Homesavers Diskin Centre Athlone ,"€20,175.20",€2.78, € -   , € -   ,"€1,470.90",€728.64,"€1,882.85","€1,833.40", € -   ,€35.57,"€1,306.50","€1,326.38",€117.37, € -   ,€368.37,"€1,665.77","€1,900.51",€607.14,€595.33, € -   ,"€2,182.68",€897.71,"€1,527.59",€213.37,€98.75,"€1,401.79",€11.80
30,3, Homesavers Dundalk ,"€51,146.78", € -   , € -   , € -   ,"€5,561.74","€1,003.57","€2,829.27","€6,494.02", € -   ,€47.38,"€1,847.15","€1,880.43", € -   ,€17.58,"€1,245.69","€7,338.64","€4,261.40","€1,750.72",€769.39, € -   ,"€6,056.74","€1,991.28","€4,483.95","€1,301.42",€414.62,"€1,851.79", € -   
30,3, Homesavers WestGate Dungarvan ,"€10,381.63", € -   , € -   , € -   , € -   ,€661.93,"€1,279.54", € -   , € -   ,€25.56,"€1,176.21","€1,195.10", € -   ,€128.49,€37.48,€11.32,"€1,179.22","€1,055.48",€867.80, € -   ,"€1,069.90","€1,082.15", € -   ,€469.48, € -   ,€141.97, € -   
30,3, Homesavers Clonmullen Edenderry ,"€24,310.21", € -   , € -   , € -   ,"€1,310.01",€860.89,"€1,811.92","€1,804.26", € -   ,€5.95,€803.95,"€1,989.46",€2.44,€26.37,€528.27,"€1,606.71","€3,214.73","€1,215.85","€1,440.47", € -   ,"€1,886.27","€1,421.70","€1,729.15",€638.73,€120.55,"€1,886.54",€5.99
30,3, Homesavers BALLYMALEY Ennis ,"€66,037.97",€7.10, € -   , € -   ,"€3,487.30","€2,764.81","€5,143.09","€4,341.38", € -   ,€129.43,"€2,791.03","€4,422.52",€18.29,€506.94,€993.40,"€3,940.41","€10,430.68","€3,174.86","€3,978.11", € -   ,"€6,042.91","€2,644.52","€3,185.29","€2,904.51",€470.06,"€4,661.33", € -   
30,3, Homesavers Rafter Street Enniscorthy ,"€13,840.90", € -   , € -   , € -   ,"€1,671.06",€293.61,€988.23,"€2,128.64", € -   ,€21.79,€623.91,€703.01,€6.99,€37.36,€247.68,"€1,453.99",€735.05,€357.40,€295.43, € -   ,€938.13,€601.65,"€1,536.80",€120.92,€99.98,€979.27, € -   
30,3, Homesavers Kings meadow waterford ,"€23,075.14",€41.52, € -   , € -   , € -   ,€913.23,"€2,021.90",€33.97, € -   ,€23.98,"€2,754.47","€1,203.06", € -   ,€95.26,"€1,053.79","€2,651.24","€2,624.49","€1,769.01","€1,410.22", € -   ,"€2,635.95","€2,021.03", € -   ,€414.99, € -   ,"€1,407.03", € -   
30,3, Homesavers Letterkenny Pearse Road ,"€26,472.92",€8.81, € -   , € -   ,"€1,580.91","€1,053.34","€1,805.77","€2,451.72", € -   ,€279.82,"€1,058.97","€1,670.13",€42.09,€144.76,€484.24,"€1,859.95","€2,708.78","€1,920.18","€1,630.53", € -   ,"€2,492.06","€1,128.85","€1,949.52",€648.39,€107.32,"€1,446.78", € -   
30,3, Homesavers Limerick ,"€60,028.94",€1.40, € -   , € -   ,"€5,827.14","€2,964.61","€6,200.20","€5,743.01", € -   ,€485.80,"€3,108.06","€3,127.36",€10.34,€197.77,€844.75,"€2,983.99","€6,097.76","€3,020.71","€3,651.22", € -   ,"€3,930.14","€2,308.13","€4,012.64","€1,628.42",€258.21,"€3,621.29",€5.99
30,3, Homesavers Longford U4 ,"€8,815.75", € -   ,€3.00, € -   ,€719.83,€103.73,€885.66,€775.23, € -   , € -   ,€246.61,€519.40,€14.72, € -   ,€167.76,€294.11,€823.07,€622.57,€243.50, € -   ,€890.32,€245.11,"€1,255.84",€141.77,€42.18,€821.34, € -   
30,3, Homesavers Midleton ,"€17,478.10", € -   , € -   , € -   ,"€2,243.84",€485.47,"€1,006.08","€1,820.46", € -   ,€49.13,€594.71,€788.67,€79.95, € -   ,€416.02,"€1,318.57","€1,188.79","€1,072.08",€391.65, € -   ,"€1,336.00",€704.17,"€1,115.30",€985.42,€132.24,"€1,749.55", € -   
30,3, Homesavers Milford Retail Park ,"€32,984.54", € -   , € -   , € -   ,"€1,943.66","€2,108.44","€2,165.34","€2,908.96", € -   ,"€1,719.61","€2,092.48","€1,444.14",€20.81,€368.23,€543.94,"€2,458.88","€2,739.04","€1,446.52","€1,168.22", € -   ,"€2,674.52","€2,014.47","€1,725.07","€1,041.76",€346.47,"€2,053.98", € -   
30,3, Homesavers Monaghan ,"€54,727.00", € -   , € -   , € -   ,"€3,381.35","€2,744.86","€4,205.14","€4,645.33", € -   ,€378.00,"€1,172.57","€2,977.45",€64.38,€426.39,€861.74,"€3,171.99","€6,960.28","€3,893.21","€2,024.91", € -   ,"€4,701.73","€2,093.66","€3,315.23","€1,489.36",€657.67,"€5,549.77",€11.98
30,3, Homesavers Mountmellick LAOIS ,"€5,863.41", € -   ,€1.50, € -   ,€775.22,€140.96,€220.65,€862.03, € -   , € -   ,€92.93,€376.02,€22.55, € -   ,€90.40,€424.28,€232.25,€41.65,€58.02, € -   ,€785.86,€260.84,€812.55,€139.00,€11.49,€515.21, € -   
30,3, Homesavers Mullingar ,"€53,790.67",€10.14,€2.47, € -   ,"€5,134.53",€520.83,"€4,887.52","€5,537.52", € -   ,€648.72,"€2,903.79","€1,771.53",€161.50,€20.78,€928.36,"€3,183.32","€6,377.13","€1,200.23","€2,080.53", € -   ,"€5,713.33","€2,550.46","€4,275.93","€1,015.58",€292.72,"€4,561.77",€11.98
30,3, Homesavers Martyr Road Nenagh (a) ,"€28,777.23", € -   , € -   , € -   ,"€2,233.32",€3.14,"€4,136.03","€3,169.21", € -   , € -   ,€74.89,€632.33,€33.23, € -   ,"€1,249.47","€3,030.98",€230.56, € -   , € -   , € -   ,"€3,198.61","€3,807.86","€2,030.00",€815.69,€376.85,"€3,755.06", € -   
30,3, HOMESAVERS MARTYR ROAD NENAGH (B) ,"€20,032.90", € -   , € -   , € -   , € -   ,"€2,381.48",€463.28, € -   , € -   ,"€1,540.86","€3,404.78","€2,434.29", € -   ,€142.18, € -   , € -   ,"€4,157.05","€3,431.79","€1,773.01", € -   ,€6.79,€43.49, € -   , € -   , € -   ,€253.90, € -   
30,3, Homesavers New Road Portlaoise ,"€20,474.39",€1.12, € -   , € -   ,"€2,075.57",€280.49,"€1,254.27","€2,630.71", € -   ,€9.25,€794.88,€977.38,€20.87,€16.28,€313.60,"€1,981.30","€1,928.46",€554.91,€480.31, € -   ,"€2,548.61","€1,064.10","€1,864.47",€407.44,€205.42,"€1,064.95", € -   
30,3, Homesavers Newcastle West ,"€43,313.88", € -   , € -   , € -   ,"€2,975.70","€1,619.25","€3,006.40","€4,061.20", € -   ,€40.26,"€2,032.37","€2,712.47",€47.01,€357.39,€894.92,"€4,356.05","€3,261.68","€1,766.87","€1,958.11", € -   ,"€4,088.97","€3,324.65","€1,755.26",€849.65,€252.07,"€3,947.61",€5.99
30,3, Homesavers Portlaoise ,"€8,532.74", € -   ,€9.99, € -   ,€86.18,€857.00,"€1,409.04",€75.02, € -   , € -   ,€451.00,"€1,008.91",€7.68,€106.34,€27.98,€7.73,"€1,389.67",€952.10,€742.23, € -   ,€6.17, € -   ,€388.23,€260.86,€105.53,€641.08, € -   
30,3, Homesavers Lismard Portlaoise (B) ,"€5,073.52", € -   , € -   , € -   ,€480.31, € -   , € -   ,€764.42, € -   , € -   ,€23.96,€158.07,€9.17, € -   ,€47.83,€948.91,€8.16, € -   , € -   , € -   ,"€1,289.74",€728.25,€572.71, € -   , € -   ,€41.99, € -   
30,3, Homesavers Riverside Galway ,"€16,271.88", € -   , € -   , € -   ,"€1,106.21",€726.06,"€1,066.06","€1,004.24", € -   ,€14.80,€629.67,"€1,125.76",€33.37,€50.90,€371.36,"€1,127.29","€1,771.46",€567.30,"€1,946.18", € -   ,"€1,989.44",€701.00,€692.65,€275.09,€41.50,"€1,031.54", € -   
30,3, Homesavers Roscommon ,"€71,736.45", € -   , € -   , € -   ,"€3,377.40","€3,877.71","€6,281.05","€3,378.42", € -   ,"€3,045.44","€4,197.33","€3,585.45",€37.62,€724.28,"€1,201.41","€4,173.84","€8,870.43","€5,138.57","€5,220.93", € -   ,"€4,178.42","€2,954.27","€2,892.96","€2,449.61",€553.97,"€5,597.34", € -   
30,3, Homesavers Stranorlar business park ,"€17,233.99", € -   , € -   , € -   ,"€1,014.10",€704.71,"€1,610.75","€1,339.76", € -   ,€33.81,€438.49,"€1,368.72",€4.91, € -   ,€559.38,"€1,637.44","€1,808.47",€765.58,€381.33, € -   ,"€1,388.83",€684.99,"€1,011.84",€461.43,€106.72,"€1,912.73", € -   
30,3, Homesavers Swinford ,"€5,302.70", € -   , € -   , € -   ,€580.07,€167.90,€308.60,€596.99, € -   , € -   ,€148.04,€490.33,€13.55, € -   ,€205.08,€306.98,€514.98,€159.08,€83.61, € -   ,€457.62,€284.88,€495.60,€83.99,€26.49,€378.91, € -   
30,3, Homesavers Broomhill Tallaght ,"€39,396.06", € -   , € -   , € -   ,"€3,032.63","€1,249.48","€2,383.47","€5,850.11", € -   ,€102.21,"€2,924.08","€2,452.22",€169.72,€169.38,€682.83,"€3,136.67","€4,329.10","€1,341.24","€1,048.79", € -   ,"€2,496.55","€1,250.94","€2,823.89","€1,190.81",€333.04,"€2,422.91",€5.99
30,3, Homesavers The Glebe Donegal ,"€26,037.13", € -   , € -   , € -   ,"€1,725.80",€556.26,"€1,635.72","€2,804.88", € -   ,€6.25,€834.84,"€1,749.73",€18.41,€8.79,€421.51,"€2,598.23","€2,873.84","€1,543.63",€967.05, € -   ,"€2,667.23",€917.77,"€1,809.90",€612.56,€268.74,"€2,010.00",€5.99
30,3, Homesavers Tralee ,"€25,064.32", € -   , € -   , € -   ,"€2,352.37",€329.69,"€1,622.30","€2,737.17", € -   ,€12.60,€813.94,"€1,465.84",€40.30,€10.99,€542.54,"€2,428.76","€2,191.80",€755.61,"€1,405.83", € -   ,"€2,932.73","€1,697.18","€1,111.23",€655.42,€197.98,"€1,760.04", € -   
30,3, Homesavers Tullamore ,"€64,994.07", € -   ,€26.71, € -   ,"€3,780.85","€2,551.29","€5,087.37","€5,333.90", € -   ,€234.46,"€2,865.63","€4,247.39",€27.62,€304.29,"€1,619.02","€4,064.51","€9,110.38","€4,579.82","€4,778.84", € -   ,"€5,126.50","€2,425.72","€2,927.74","€1,494.50",€159.07,"€4,243.35",€5.11
30,3," Homesavers Carlow Tullow Road U1,2 ","€8,810.49",€1.39, € -   , € -   ,€51.55,€792.30,"€1,491.14", € -   , € -   , € -   ,€664.36,€971.30, € -   ,€101.95, € -   ,€14.49,"€1,566.57",€421.36,€552.74, € -   , € -   , € -   ,€366.33,€450.35,€72.50,"€1,292.16", € -   
30,3, Homesavers Waterford ,"€16,499.25", € -   ,€6.00, € -   ,"€1,741.62",€376.29,€851.92,"€1,992.94", € -   , € -   ,€449.98,"€1,066.65",€15.75,€47.43,€303.60,"€1,504.71",€678.93,€360.75,€289.68, € -   ,"€1,921.46",€725.39,"€2,850.26",€432.43,€129.82,€753.64, € -   
30,3, Homesavers Wexford ,"€23,695.91", € -   , € -   , € -   ,"€1,735.00",€840.39,"€2,822.53","€2,736.27", € -   ,€6.55,"€1,308.43","€1,263.30",€43.30,€86.35,€728.48,"€1,928.75","€1,678.41","€1,451.32",€652.17, € -   ,"€1,638.34",€504.21,"€1,841.66",€486.14,€140.06,"€1,804.25", € -   
30,3, Homesavers Wicklow ,"€17,764.26", € -   , € -   , € -   ,"€1,988.38",€540.80,"€1,311.86","€2,276.67", € -   ,€8.45,€919.79,"€1,113.32",€7.98, € -   ,€330.50,"€1,128.60",€800.14,€542.50,€290.11, € -   ,"€1,951.98",€546.19,"€2,250.54",€302.97,€136.75,"€1,316.73", € -   
30,3, Homesavers Hebron Kilkenny ,"€4,332.17", € -   , € -   , € -   , € -   ,€402.73,€661.38, € -   , € -   , € -   ,€530.27,€286.09, € -   ,€26.53, € -   , € -   ,€574.13,€277.64,€233.12, € -   ,€592.20,€395.02, € -   ,€58.30,€71.69,€223.07, € -   
30,3, All the Stores Total ,"€1,243,513.18",€119.96,€62.95, € -   ,"€95,489.84","€43,611.57","€94,182.14","€122,429.91",€286.05,"€9,421.29","€61,464.20","€71,037.90","€1,453.96","€5,052.64","€23,639.84","€92,087.66","€119,622.85","€57,703.11","€51,470.80", € -   ,"€112,781.19","€56,163.26","€93,831.67","€31,497.95","€8,083.87","€87,595.31",€91.09
29,3, Centz Patrick Street ,"€12,609.69", € -   ,€1.50, € -   ,"€1,766.88",€45.32,€593.11,"€3,118.86",€93.25, € -   ,€108.54,€163.38, € -   , € -   ,€83.85,"€1,096.16",€196.38,€24.00, € -   , € -   ,"€1,720.29",€293.11,"€2,792.38",€325.82, € -   ,€186.86, € -   
29,3, Centz Cork Street ,"€8,660.12", € -   , € -   , € -   ,"€1,256.68",€126.41,€353.46,"€1,507.07", € -   , € -   ,€91.95,€548.37, € -   , € -   ,€166.36,€703.77,€241.18,€27.00,€68.00, € -   ,"€1,329.36",€276.28,"€1,297.51",€155.33, € -   ,€511.39, € -   
29,3, Centz Kinvara ,"€11,327.53", € -   , € -   , € -   ,"€2,331.56",€54.62,€200.69,"€2,682.16", € -   , € -   ,€92.93,€294.31,€8.00, € -   ,€17.98,€501.89,€256.28,€111.93, € -   , € -   ,"€1,501.02",€371.40,"€2,181.51",€298.79,€48.25,€374.21, € -   
29,3, Homesavers Arklow ,"€25,516.37", € -   ,€1.50, € -   ,"€1,788.14","€1,013.85","€1,853.97","€3,149.31", € -   ,€72.14,"€1,667.52","€1,441.79",€27.00,€309.18,€261.96,"€1,476.86","€2,160.98",€986.79,€945.98, € -   ,"€1,830.09","€1,280.23","€2,849.42",€479.33,€245.83,"€1,674.50", € -   
29,3, Homesavers Westpoint Athlone (A) ,"€23,518.32", € -   , € -   , € -   ,"€2,251.62",€12.00,"€2,415.88","€2,975.72", € -   , € -   ,€167.45,"€1,207.22",€40.39, € -   ,€299.53,"€2,318.37","€2,285.21",€998.80,"€1,247.81", € -   ,"€2,099.02","€1,836.49","€2,387.06",€700.77,€93.04,€181.94, € -   
29,3, Homesavers Monks Land Athlone (B) ,"€6,642.52", € -   , € -   , € -   ,€1.75,"€1,232.91",€167.96,€51.92, € -   ,€19.10,"€3,720.95",€54.86, € -   ,€71.27, € -   , € -   ,€64.89, € -   , € -   , € -   ,€36.33,€18.00, € -   ,€6.16, € -   ,"€1,196.42", € -   
29,3, Homesavers Athy ,"€10,327.64", € -   , € -   , € -   ,€962.47,€273.63,€596.65,"€1,152.77", € -   , € -   ,€509.92,€684.28,€13.63, € -   ,€141.79,€383.36,€578.16,€284.14,€190.00, € -   ,"€1,083.40",€360.90,"€1,625.48",€272.84,€98.58,"€1,115.64", € -   
29,3, Homesavers Axis Centre Longford ,"€23,671.92", € -   , € -   , € -   ,"€2,091.75",€645.66,"€1,676.41","€2,017.25", € -   ,€104.43,€820.78,"€1,190.78",€25.14,€8.79,€618.82,"€1,769.21","€1,919.05","€1,439.78","€1,471.21", € -   ,"€2,707.26","€1,116.44","€1,487.68",€385.33,€97.42,"€2,078.73", € -   
29,3, Homesavers Ballyfermot ,"€28,510.40",€1.60,€5.00, € -   ,"€2,784.33","€1,211.37","€1,680.65","€4,150.84", € -   ,€31.47,"€1,470.20","€2,289.97",€49.73,€19.78,€321.05,"€2,174.91","€2,063.96",€671.28,€498.62, € -   ,"€2,757.78","€1,713.07","€2,602.41",€434.80,€317.14,"€1,260.44", € -   
29,3, Homesavers Ballyshannon ,"€22,306.26",€3.50, € -   , € -   ,"€1,702.61",€787.87,"€1,317.62","€2,413.62", € -   ,€50.40,€817.11,"€1,590.11",€3.92,€8.79,€442.35,"€1,647.72","€1,966.29",€761.88,€680.08, € -   ,"€2,077.06",€959.46,"€1,252.46",€802.38,€253.39,"€2,767.64", € -   
29,3, Homesavers Briarhill Galway ,"€15,980.36",€1.75, € -   , € -   ,"€1,149.08",€857.56,"€1,795.51","€1,262.55", € -   ,€9.93,€814.62,"€1,126.26",€13.14, € -   ,€240.36,"€1,403.30","€1,592.21",€640.31,€257.93, € -   ,"€1,641.67",€647.67,€918.32,€328.72,€93.54,"€1,185.93", € -   
29,3, Homesavers Bunclody ,"€14,731.91", € -   , € -   , € -   ,"€1,049.15",€514.60,€910.73,"€1,771.32", € -   ,€17.16,€703.08,€959.61,€20.09,€163.00,€267.38,"€1,336.69","€1,381.99",€565.74,€620.82, € -   ,"€1,037.54",€553.35,"€1,537.31",€235.88,€176.60,€909.87, € -   
29,3, Homesavers Carlow Penny Lane ,"€28,404.78",€82.00,€5.46, € -   ,"€2,365.84",€831.55,"€2,019.88","€2,940.02", € -   ,€34.86,"€1,571.45","€1,806.87",€51.34,€126.20,€621.00,"€2,011.90","€1,878.51","€1,116.77",€430.49, € -   ,"€2,850.22","€2,062.25","€2,462.01",€725.47,€253.02,"€2,151.68",€5.99
29,3, Homesavers Carlow Tullow Road U3 ,"€17,076.91", € -   , € -   , € -   ,"€2,037.03", € -   ,€114.40,"€3,485.74", € -   , € -   ,€1.50,€208.38,€7.23, € -   ,€362.92,"€1,498.98",€12.12, € -   , € -   , € -   ,"€1,677.67",€961.03,"€6,691.92", € -   ,€6.00,€11.99, € -   
29,3, Homesavers Carrick-on-shannon ,"€27,399.55", € -   , € -   , € -   ,"€1,791.74","€1,099.47","€1,723.26","€2,757.70", € -   ,€211.71,"€1,618.43","€1,966.35", € -   ,€113.25,€497.10,"€2,201.69","€2,690.14","€1,178.56","€1,157.77", € -   ,"€3,168.29","€1,117.93","€1,466.11",€385.04,€234.43,"€2,008.78",€11.80
29,3, Homesavers Charlestown MAYO ,"€8,115.32", € -   , € -   , € -   ,"€1,019.39",€148.45,€586.56,"€1,374.12", € -   , € -   ,€170.05,€347.96,€13.98, € -   ,€132.67,€662.51,€572.30,€462.02,€110.72, € -   ,€703.76,€348.10,€755.65,€220.95,€72.75,€413.38, € -   
29,3, Homesavers Clane ,"€9,554.92", € -   ,€4.47, € -   ,"€1,388.84",€46.97,€292.20,"€1,317.54", € -   , € -   ,€234.72,€636.61,€11.67, € -   ,€236.06,€470.09,€423.94,€155.00,€145.29, € -   ,€983.12,€268.65,"€1,694.82",€311.80,€79.73,€853.40, € -   
29,3, Homesavers Claremorris ,"€16,416.28",€3.50, € -   , € -   ,"€1,164.41",€689.39,"€1,106.80","€1,539.87", € -   ,€35.18,€823.76,"€1,105.62",€21.93, € -   ,€218.51,"€1,430.16","€1,205.68","€1,580.43",€629.32, € -   ,"€1,622.65",€615.19,€983.76,€569.93,€187.96,€882.23, € -   
29,3, Homesavers Crumlin ,"€20,467.48", € -   , € -   , € -   ,"€1,903.48",€589.41,"€1,310.88","€4,483.33",€179.25, € -   ,€589.22,€857.86,€18.08, € -   ,€346.45,"€1,075.05",€825.96,€380.12,€56.79, € -   ,"€2,129.95",€536.04,"€3,378.79",€317.53,€254.74,"€1,234.55", € -   
29,3, Homesavers Diskin Centre Athlone ,"€22,950.26",€2.78, € -   , € -   ,"€1,559.93",€736.81,"€1,759.60","€2,057.98", € -   ,€17.90,"€1,652.72","€1,277.52",€141.36, € -   ,€305.45,"€1,815.75","€2,457.84","€1,117.46","€1,326.87", € -   ,"€2,274.29","€1,063.89","€1,766.69",€293.05,€152.24,"€1,170.13", € -   
29,3, Homesavers Dundalk ,"€53,109.95", € -   , € -   , € -   ,"€5,976.98","€1,424.43","€4,858.20","€6,581.14", € -   ,€68.75,"€1,835.76","€2,423.29",€19.39, € -   ,"€1,610.30","€6,010.13","€4,607.56","€1,582.87",€996.01, € -   ,"€4,611.38","€2,283.29","€4,370.22","€1,080.18",€489.44,"€2,275.24",€5.39
29,3, Homesavers WestGate Dungarvan ,"€10,090.08", € -   , € -   , € -   , € -   ,€882.19,"€1,137.37", € -   , € -   ,€9.60,"€1,236.96","€1,167.45", € -   ,€56.23,€99.95,€12.16,"€1,620.03",€942.45,€467.57, € -   ,€945.65,"€1,166.80", € -   ,€280.33, € -   ,€65.34, € -   
29,3, Homesavers Clonmullen Edenderry ,"€25,884.53", € -   , € -   , € -   ,"€1,248.10",€718.65,"€2,409.79","€2,356.75", € -   ,€46.51,"€1,115.25","€2,230.04",€6.72,€26.37,€612.18,"€1,804.28","€2,185.73","€1,504.96",€920.97, € -   ,"€2,328.35","€1,963.82","€1,896.58",€291.36,€186.53,"€2,031.59", € -   
29,3, Homesavers BALLYMALEY Ennis ,"€64,069.05",€5.49,€2.00, € -   ,"€3,321.29","€3,026.84","€5,652.24","€4,644.92", € -   ,€118.90,"€3,763.18","€3,562.77",€79.01,€658.58,€864.59,"€3,826.60","€8,711.46","€2,971.53","€4,312.01", € -   ,"€7,072.02","€3,053.89","€2,652.18","€1,745.20",€330.93,"€3,693.42", € -   
29,3, Homesavers Rafter Street Enniscorthy ,"€16,068.95", € -   , € -   , € -   ,"€1,914.36",€578.06,"€1,193.41","€2,435.79", € -   ,€25.13,€824.36,€939.93,€33.76,€22.98,€310.63,"€1,316.08",€833.01,€386.69,€285.78, € -   ,"€1,204.71",€758.86,"€1,430.41",€137.19,€161.94,"€1,275.87", € -   
29,3, Homesavers Kings meadow waterford ,"€26,143.80", € -   , € -   , € -   ,€1.57,"€1,762.22","€2,607.49",€3.98, € -   ,€38.20,"€2,597.32","€1,625.21", € -   ,€186.95,"€1,036.14","€2,930.93","€2,566.09","€1,230.04","€1,560.18", € -   ,"€2,729.74","€2,987.05", € -   ,€335.78, € -   ,"€1,944.91", € -   
29,3, Homesavers Letterkenny Pearse Road ,"€29,482.05",€1.99,€2.50, € -   ,"€1,808.37","€1,594.06","€2,090.09","€2,883.36", € -   ,€466.37,"€1,453.70","€1,694.61",€55.00,€80.95,€469.54,"€1,859.61","€2,782.05","€2,256.57","€1,529.59", € -   ,"€2,505.84","€1,506.56","€2,142.38",€403.64,€90.40,"€1,804.87", € -   
29,3, Homesavers Limerick ,"€57,569.05",€1.75, € -   , € -   ,"€5,588.87","€2,301.40","€4,948.86","€5,946.43", € -   ,€230.35,"€3,105.02","€3,024.37",€3.00,€288.49,"€1,016.32","€3,666.51","€5,961.28","€2,610.56","€3,588.68", € -   ,"€3,441.22","€3,027.74","€4,391.24",€966.17,€236.23,"€3,212.58",€11.98
29,3, Homesavers Longford U4 ,"€7,998.54", € -   ,€2.00, € -   ,€616.20,€60.07,"€1,064.82",€586.96, € -   , € -   ,€175.48,€375.91,€15.25, € -   ,€300.53,€407.21,€560.06,€341.37,€154.33, € -   ,€756.29,€229.32,"€1,403.60",€74.66,€47.24,€827.24, € -   
29,3, Homesavers Midleton ,"€18,286.38", € -   , € -   , € -   ,"€2,133.03",€648.10,"€1,050.69","€2,032.96", € -   ,€35.38,€848.90,"€1,067.62",€81.80, € -   ,€438.65,"€1,215.55","€1,179.51",€994.24,€311.78, € -   ,"€1,170.01",€876.03,"€1,441.63",€249.01,€192.99,"€2,318.50", € -   
29,3, Homesavers Milford Retail Park ,"€33,915.21", € -   , € -   , € -   ,"€2,133.94","€1,933.07","€2,126.20","€3,087.12", € -   ,"€2,212.20","€2,330.38","€2,109.13",€28.42,€261.21,€413.22,"€2,440.26","€2,657.47","€1,337.55",€919.24, € -   ,"€2,243.05","€2,103.86","€2,005.92",€784.83,€382.66,"€2,393.50",€11.98
29,3, Homesavers Monaghan ,"€58,273.50", € -   , € -   , € -   ,"€3,744.22","€2,318.87","€4,315.23","€5,005.06", € -   ,€368.90,"€2,601.61","€3,553.95",€51.32,€420.81,€990.47,"€3,875.70","€5,396.33","€4,350.12","€2,917.28", € -   ,"€4,697.05","€2,495.55","€3,727.31","€1,219.99",€478.71,"€5,745.02", € -   
29,3, Homesavers Mountmellick LAOIS ,"€5,878.09", € -   , € -   , € -   ,€829.19,€163.15,€256.72,€775.49, € -   , € -   ,€139.17,€290.05,€12.61, € -   ,€62.82,€366.33,€432.83,€146.09, € -   , € -   ,€710.13,€258.74,€999.29,€36.74,€20.13,€378.61, € -   
29,3, Homesavers Mullingar ,"€51,387.86",€7.49,€4.00, € -   ,"€5,102.59",€524.46,"€5,278.74","€5,699.45", € -   ,€270.07,"€2,828.20","€2,304.03",€155.84,€45.96,€932.80,"€3,664.15","€4,390.98","€1,437.06","€1,840.61", € -   ,"€3,880.07","€3,303.75","€4,247.64",€902.65,€283.40,"€4,283.92", € -   
29,3, Homesavers Martyr Road Nenagh (a) ,"€29,413.31", € -   , € -   , € -   ,"€2,334.92", € -   ,"€5,432.67","€3,447.16", € -   , € -   ,€104.83,€693.70,€17.74, € -   ,€907.60,"€3,042.35",€144.36, € -   , € -   , € -   ,"€2,813.11","€3,750.54","€2,189.48",€798.12,€352.96,"€3,383.77", € -   
29,3, HOMESAVERS MARTYR ROAD NENAGH (B) ,"€19,787.81", € -   , € -   , € -   , € -   ,"€1,771.79",€154.33, € -   , € -   ,"€2,500.83","€4,339.59","€2,225.57", € -   ,€143.15, € -   , € -   ,"€4,145.62","€2,828.41","€1,370.14", € -   ,€21.55,€22.53, € -   , € -   , € -   ,€264.30, € -   
29,3, Homesavers New Road Portlaoise ,"€22,284.82", € -   , € -   , € -   ,"€2,182.18",€391.34,"€1,294.31","€3,225.66", € -   ,€2.30,€795.92,"€1,020.34",€40.12,€8.79,€412.34,"€1,889.47","€2,395.04",€545.13,€330.08, € -   ,"€2,547.35","€1,682.79","€2,105.68",€268.97,€135.24,"€1,005.78",€5.99
29,3, Homesavers Newcastle West ,"€45,175.71", € -   , € -   , € -   ,"€3,102.55","€1,647.62","€2,916.60","€4,806.60", € -   ,€32.72,"€2,207.88","€2,645.77",€39.35,€656.75,€538.85,"€4,233.32","€3,994.33","€2,200.09","€1,170.52", € -   ,"€4,020.37","€3,642.64","€2,493.08",€794.73,€488.23,"€3,543.71", € -   
29,3, Homesavers Portlaoise ,"€8,683.74", € -   ,€12.99, € -   ,€100.50,€691.43,"€1,619.91",€77.99, € -   , € -   ,€767.43,€878.82,€7.68,€150.00,€49.99,€13.41,€965.68,€712.34,€763.49, € -   ,€21.48, € -   ,€622.46,€218.70,€85.72,€923.72, € -   
29,3, Homesavers Lismard Portlaoise (B) ,"€5,025.65", € -   , € -   , € -   ,€517.70, € -   , € -   ,€690.79, € -   , € -   ,€32.94,€162.63,€30.16, € -   ,€112.90,€926.33,€171.15, € -   , € -   , € -   ,"€1,235.29",€613.73,€390.04, € -   , € -   ,€141.99, € -   
29,3, Homesavers Riverside Galway ,"€18,542.19", € -   , € -   , € -   ,"€1,151.38",€922.37,"€1,394.34","€1,145.59", € -   ,€35.66,"€1,034.38","€1,239.42",€85.35,€50.15,€348.72,"€1,518.70","€2,229.15","€1,034.18","€1,019.77", € -   ,"€1,956.70","€1,100.13",€847.95,€271.90,€158.28,€998.07, € -   
29,3, Homesavers Roscommon ,"€72,567.08", € -   , € -   , € -   ,"€3,282.99","€3,860.40","€7,201.95","€4,180.73", € -   ,"€4,195.65","€4,811.21","€3,179.93",€41.71,€548.04,"€1,017.96","€4,343.68","€8,647.02","€4,457.28","€3,878.05", € -   ,"€4,589.74","€3,257.23","€2,924.27","€2,445.52",€590.16,"€5,107.57",€5.99
29,3, Homesavers Stranorlar business park ,"€15,862.17", € -   , € -   , € -   ,€888.66,€799.50,€971.72,"€1,429.40", € -   ,€2.13,€663.31,"€1,102.07",€19.82, € -   ,€394.31,"€1,728.68","€1,762.33",€470.28,€488.58, € -   ,"€1,339.79",€503.03,"€1,217.07",€439.43,€113.99,"€1,528.07", € -   
29,3, Homesavers Swinford ,"€5,207.21", € -   , € -   , € -   ,€659.86,€138.75,€272.98,€600.21, € -   , € -   ,€226.33,€271.43,€27.06, € -   ,€95.30,€323.39,€376.75,€177.60,€305.38, € -   ,€441.74,€293.60,€398.35,€206.70,€64.76,€327.02, € -   
29,3, Homesavers Broomhill Tallaght ,"€39,762.72", € -   , € -   , € -   ,"€3,267.87","€1,303.83","€2,384.75","€5,301.90", € -   ,€56.62,"€3,256.77","€2,741.41",€206.19,€107.28,€815.29,"€3,045.59","€4,357.72","€1,398.09","€1,159.79", € -   ,"€2,618.46","€1,490.20","€2,899.46",€707.36,€397.53,"€2,240.62",€5.99
29,3, Homesavers The Glebe Donegal ,"€26,533.72", € -   , € -   , € -   ,"€1,858.79",€541.20,"€1,371.29","€2,827.42", € -   ,€4.80,€833.08,"€1,733.92",€11.16, € -   ,€352.07,"€2,426.24","€3,175.13","€1,660.63","€1,028.30", € -   ,"€2,405.12","€1,170.07","€1,785.13",€688.84,€241.82,"€2,418.71", € -   
29,3, Homesavers Tralee ,"€26,389.28",€0.70, € -   , € -   ,"€2,618.67",€364.91,"€1,350.85","€2,878.93", € -   ,€3.73,"€1,879.45","€1,617.34",€51.33, € -   ,€415.23,"€2,646.71","€2,070.50",€568.71,"€1,497.46", € -   ,"€3,032.52","€1,966.02","€1,461.36",€472.08,€150.13,"€1,342.65", € -   
29,3, Homesavers Tullamore ,"€68,485.11",€5.50,€39.98, € -   ,"€3,639.48","€2,775.26","€6,052.31","€6,111.40", € -   ,€182.38,"€3,507.59","€4,056.64",€67.95,€308.47,"€1,220.30","€3,968.57","€10,023.23","€4,680.81","€4,676.66", € -   ,"€4,216.62","€2,908.42","€3,053.96","€1,567.56",€360.60,"€5,055.43",€5.99
29,3," Homesavers Carlow Tullow Road U1,2 ","€10,817.13",€11.40,€2.00, € -   ,€83.27,"€1,101.22","€1,808.89",€57.04, € -   ,€13.32,€755.58,"€1,359.44", € -   ,€90.25, € -   ,€6.99,"€1,408.21",€723.61,€959.13, € -   , € -   ,€4.50,€395.62,€505.73,€117.38,"€1,413.55", € -   
29,3, Homesavers Waterford ,"€16,545.51",€2.00,€11.00, € -   ,"€1,920.68",€428.34,€888.05,"€2,376.19", € -   , € -   ,€549.17,€866.77,€26.50, € -   ,€185.88,"€1,545.68",€635.55,€392.67,€286.33, € -   ,"€1,594.28","€1,126.61","€2,422.20",€435.95,€125.13,€726.53, € -   
29,3, Homesavers Wexford ,"€26,626.75", € -   , € -   , € -   ,"€2,325.67",€956.62,"€3,097.19","€2,885.07", € -   ,€21.41,"€1,731.55","€1,497.36",€54.90,€145.30,€432.99,"€1,977.00","€2,110.10","€1,245.90","€1,262.58", € -   ,"€1,766.11",€825.16,"€2,017.08",€551.44,€115.00,"€1,608.32", € -   
29,3, Homesavers Wicklow ,"€17,997.98", € -   , € -   , € -   ,"€2,076.14",€427.69,"€1,118.64","€2,390.14", € -   ,€25.33,€869.57,"€1,137.36",€14.76, € -   ,€434.34,"€1,141.60",€962.75,€769.76,€279.72, € -   ,"€1,374.02",€597.68,"€2,962.22",€309.97,€167.08,€939.21, € -   
29,3, Homesavers Hebron Kilkenny ,"€4,445.14",€0.56, € -   , € -   , € -   ,€256.93,€415.10, € -   , € -   , € -   ,€928.69,€233.76, € -   ,€8.79, € -   ,€4.43,€628.07,€306.60,€122.36, € -   ,€656.02,€215.49, € -   ,€38.76,€91.04,€538.54, € -   
